First Name,Last Name,Email,Phone,Company,Title,Industry,Lead Source,Lead Status,Score,Annual Revenue,Description
Alex,Turner,alex.t@cloudnine.io,+1-555-0301,CloudNine Solutions,CEO,Technology,Website,New,85,2500000,Inbound lead from pricing page high intent
Rachel,Kim,rachel.k@brightpath.com,+1-555-0302,BrightPath Consulting,Managing Partner,Consulting,LinkedIn,Contacted,72,1800000,Engaged with our LinkedIn ad campaign
Carlos,Rivera,carlos@nexwave.co,+1-555-0303,NexWave Digital,Head of Sales,Digital Marketing,Referral,Qualified,90,5000000,Referred by existing customer DataFlow Inc
Priya,Patel,priya.p@swiftlogix.com,+1-555-0304,SwiftLogix,CTO,Logistics,Trade Show,Working,68,3200000,Met at TechCrunch Disrupt booth visit
Nathan,Cooper,n.cooper@urbanfit.com,+1-555-0305,UrbanFit Wellness,Operations Director,Healthcare,Webinar,New,45,900000,Attended AI in CRM webinar
Sophie,Laurent,sophie@eurodesign.eu,+1-555-0306,EuroDesign Studio,Creative Director,Design,Cold Call,Contacted,55,1200000,European expansion opportunity
Omar,Hassan,omar.h@petrolink.sa,+1-555-0307,PetroLink Energy,VP Business Dev,Energy,Email Campaign,Qualified,78,15000000,Enterprise deal Middle East region
Yuki,Tanaka,yuki@techbridge.jp,+1-555-0308,TechBridge Japan,CEO,Technology,Partner,Working,82,4500000,APAC market entry partner potential
Marcus,Schmidt,m.schmidt@autohaus.de,+1-555-0309,AutoHaus Digital,Sales Director,Automotive,Website,New,60,8000000,German automotive vertical opportunity
Diana,Foster,diana.f@eduprime.org,+1-555-0310,EduPrime Academy,Dean of Operations,Education,Referral,Contacted,65,600000,Multi-campus deployment potential
