First Name,Last Name,Email,Phone,Mobile,Title,Department,Lead Source,Mailing Address,Description
John,Smith,john.smith@acmecorp.com,+1-555-0101,+1-555-0201,VP of Sales,Sales,Website,123 Main St New York NY 10001,Key decision maker at Acme Corp
Sarah,Johnson,sarah.j@techstart.io,+1-555-0102,+1-555-0202,CTO,Engineering,Referral,456 Oak Ave San Francisco CA 94102,Technical lead evaluating our platform
Michael,Williams,m.williams@globalind.com,+1-555-0103,+1-555-0203,Procurement Manager,Operations,Trade Show,789 Elm Blvd Chicago IL 60601,Met at SaaS Connect 2025
Emily,Brown,emily.brown@retailplus.com,+1-555-0104,+1-555-0204,Marketing Director,Marketing,LinkedIn,321 Pine Rd Austin TX 73301,Interested in automation features
David,Garcia,d.garcia@finserv.co,+1-555-0105,+1-555-0205,CEO,Executive,Cold Call,654 Cedar Ln Miami FL 33101,Growing fintech startup 50+ employees
Lisa,Martinez,lisa.m@healthco.org,+1-555-0106,+1-555-0206,Operations Lead,Operations,Website,987 Birch Dr Denver CO 80201,Healthcare vertical opportunity
James,Anderson,j.anderson@edulearn.com,+1-555-0107,+1-555-0207,Director of IT,IT,Webinar,147 Maple St Seattle WA 98101,Needs CRM for 200+ users
Maria,Thomas,maria.t@greentech.io,+1-555-0108,+1-555-0208,Head of Growth,Business Dev,Partner,258 Walnut Ave Portland OR 97201,Sustainability sector high potential
Robert,Jackson,r.jackson@mediapro.com,+1-555-0109,+1-555-0209,Account Executive,Sales,Email Campaign,369 Spruce Ct Atlanta GA 30301,Agency managing 50+ client accounts
Jennifer,White,jen.white@logisticshub.com,+1-555-0110,+1-555-0210,Supply Chain VP,Logistics,Referral,480 Ash Blvd Dallas TX 75201,Enterprise deal potential $50K+
