Name,Phone,Website,Industry,Employees,Annual Revenue,Billing Address,Description
Acme Corporation,+1-555-1001,https://acmecorp.com,Technology,250,12000000,123 Main St New York NY 10001,Enterprise software company key strategic account
TechStart Inc,+1-555-1002,https://techstart.io,SaaS,45,3500000,456 Oak Ave San Francisco CA 94102,Fast-growing SaaS startup Series B funded
Global Industries Ltd,+1-555-1003,https://globalind.com,Manufacturing,1200,85000000,789 Elm Blvd Chicago IL 60601,Fortune 500 manufacturer multi-division
RetailPlus Group,+1-555-1004,https://retailplus.com,Retail,500,25000000,321 Pine Rd Austin TX 73301,Omnichannel retail chain 50+ locations
FinServ Capital,+1-555-1005,https://finserv.co,Financial Services,80,8000000,654 Cedar Ln Miami FL 33101,Fintech company regulated environment
HealthCo Systems,+1-555-1006,https://healthco.org,Healthcare,350,18000000,987 Birch Dr Denver CO 80201,Hospital management software provider
EduLearn Platform,+1-555-1007,https://edulearn.com,Education,120,4200000,147 Maple St Seattle WA 98101,EdTech platform 500K+ active users
GreenTech Innovations,+1-555-1008,https://greentech.io,Clean Energy,90,6000000,258 Walnut Ave Portland OR 97201,Sustainable energy solutions provider
MediaPro Agency,+1-555-1009,https://mediapro.com,Media,65,2800000,369 Spruce Ct Atlanta GA 30301,Full-service digital agency 50+ clients
LogisticsHub International,+1-555-1010,https://logisticshub.com,Logistics,800,45000000,480 Ash Blvd Dallas TX 75201,Global supply chain and freight management
